side1, side2, hypotenuse, area, perimeter
55, 44, 70.43436661176133, 1210.0, 198
3, 7, 7.615773105863909, 10.5, 20
33, 77, 83.773504164503, 1270.5, 220
13, 57, 58.463663928973865, 370.5, 140
92, 66, 113.22543883774529, 3036.0, 316
1, 4, 4.123105625617661, 2.0, 10
